{
  "trained_at": "2026-04-15T01:57:27.810582",
  "accuracy": 0.47424281646388816,
  "architecture": "LSTM-128+LSTM-64+Attention+Dense-64-32-3",
  "sequence_len": 20,
  "n_features": 32,
  "n_samples": 38629,
  "pairs_used": [
    "EURUSD",
    "GBPUSD",
    "USDJPY",
    "AUDUSD",
    "XAUUSD",
    "BTCUSD"
  ],
  "model_size_kb": 567.427734375,
  "version": "2.1-LSTM-32feat",
  "scaler_mean": [
    0.5112671044414067,
    0.5111584142517897,
    0.5111036271656104,
    3.538353425172932e-05,
    9.862815105366784e-05,
    0.00023348498486517753,
    0.0008543544700752005,
    0.31276359026106754,
    0.22321405469740485,
    0.0011374618099027033,
    0.4955108799710212,
    0.038810835985407126,
    0.038862583766721005,
    0.5142747722326125,
    0.06617109192373687,
    0.5227302129421201,
    0.20039811047918565,
    0.05540691626507376,
    0.47206913503583536,
    0.4777511052929524,
    0.49817589070868584,
    0.08887681440658232,
    0.07506015679577738,
    0.10269347201738725,
    0.000897884048903355,
    0.0017209180847239565,
    0.0032303604890315265,
    0.0017831318556743444,
    0.17902935517049146,
    0.1596707621552665,
    0.529486552460605,
    0.5294934212807936
  ],
  "scaler_scale": [
    0.1724418369221297,
    0.23380083655522826,
    0.14404647381863595,
    0.0033614604362394184,
    0.0059321778369531555,
    0.009310505952608409,
    0.018343796287771698,
    0.46361894576049695,
    0.41640069702505156,
    0.9196045995955443,
    0.499979847395238,
    0.19314387123468596,
    0.19326738822081593,
    0.30537975070543955,
    0.07507973908593125,
    0.49948307020319105,
    0.047428410257824676,
    0.053310954785791766,
    0.49921925722306987,
    0.2769036197848372,
    0.4999966726142218,
    0.2845658557654453,
    0.2634883861910629,
    0.3035581045243256,
    0.059396841764570545,
    0.06013552150513168,
    0.06734651133851105,
    0.08421576671745523,
    0.19541943941193843,
    0.1891761696101797,
    0.3000843663566111,
    0.27913687800797926
  ]
}