{
  "trained_at": "2026-04-13T02:05:01.809881",
  "accuracy": 0.47255029201817,
  "architecture": "LSTM-128+LSTM-64+Attention+Dense-64-32-3",
  "sequence_len": 20,
  "n_features": 32,
  "n_samples": 38525,
  "pairs_used": [
    "EURUSD",
    "GBPUSD",
    "USDJPY",
    "AUDUSD",
    "XAUUSD",
    "BTCUSD"
  ],
  "model_size_kb": 567.4609375,
  "version": "2.1-LSTM-32feat",
  "scaler_mean": [
    0.5105166320365917,
    0.5102603012308019,
    0.5105055509130536,
    2.728352695055368e-05,
    8.354618006103442e-05,
    0.00021607059136977908,
    0.0008051497594708954,
    0.31077960825009726,
    0.22462057335581787,
    -0.0015020097959815137,
    0.49456479439616036,
    0.038656116227785704,
    0.0387598910364509,
    0.5134391418206009,
    0.06636389833309006,
    0.5234920223115839,
    0.2003177494800569,
    0.054223589357237006,
    0.47316124010896354,
    0.48020899242449433,
    0.497574263847451,
    0.08268257880399534,
    0.07580749772992607,
    0.10242573615254896,
    0.000737493017989714,
    0.0015468978609742105,
    0.0031942961720403105,
    0.001499586518892184,
    0.1772663879569203,
    0.16148055810776596,
    0.526235860385108,
    0.5262954195188989
  ],
  "scaler_scale": [
    0.1721364287771639,
    0.23366285145727317,
    0.14378564181197498,
    0.0032902769848508436,
    0.005796491873753554,
    0.009092219158590771,
    0.01807908680528755,
    0.46281275192675203,
    0.41733220745722643,
    0.9052615846909673,
    0.4999704576672946,
    0.19277401512125442,
    0.19302217977033972,
    0.305098830464841,
    0.07358902556472134,
    0.49944781998494303,
    0.046884144961665604,
    0.04961509692993381,
    0.49927916135916517,
    0.27598750859262133,
    0.4999941157694941,
    0.2754018336291834,
    0.26468985816961954,
    0.30320736258566905,
    0.05918535399305128,
    0.059138093174338935,
    0.06631399781706923,
    0.08359504890547548,
    0.19348154428915526,
    0.1914504131159049,
    0.3000819149376842,
    0.2789625467001449
  ]
}