{
  "trained_at": "2026-04-14T02:00:33.854805",
  "accuracy": 0.4741747572815534,
  "architecture": "LSTM-128+LSTM-64+Attention+Dense-64-32-3",
  "sequence_len": 20,
  "n_features": 32,
  "n_samples": 38624,
  "pairs_used": [
    "EURUSD",
    "GBPUSD",
    "USDJPY",
    "AUDUSD",
    "XAUUSD",
    "BTCUSD"
  ],
  "model_size_kb": 567.474609375,
  "version": "2.1-LSTM-32feat",
  "scaler_mean": [
    0.5106409273894172,
    0.5106156997621575,
    0.5105600530433397,
    3.15659413901502e-05,
    8.820453147538365e-05,
    0.00021930802962629172,
    0.0008436561513914375,
    0.31109615981782424,
    0.22326881275230306,
    -0.000188317252860566,
    0.4950833247075872,
    0.03866059414139323,
    0.03866059414139323,
    0.513659737511434,
    0.06628985595216035,
    0.5231342511127213,
    0.20038155640535027,
    0.054176412191286376,
    0.47412276161888,
    0.4802088106795767,
    0.497852189214367,
    0.08280716281958389,
    0.07571679950315702,
    0.10252561846599731,
    0.000806133175685504,
    0.0015725484840493687,
    0.0031670170718318697,
    0.0015873599770724594,
    0.17720672208209867,
    0.16130166188109538,
    0.5266287193695052,
    0.5266061299764004
  ],
  "scaler_scale": [
    0.17214388064063615,
    0.23374110880687313,
    0.14368773703035026,
    0.0032886418604340805,
    0.005791372177385681,
    0.009081242197998995,
    0.01806050793548092,
    0.4629420473066008,
    0.41643709009222524,
    0.904680436467544,
    0.49997582571967325,
    0.19278473124712886,
    0.19278473124712886,
    0.3051407199583186,
    0.07349297396579633,
    0.4994645196862873,
    0.04684244295025477,
    0.04958286293365732,
    0.499329919525925,
    0.2759717442482913,
    0.4999953868875484,
    0.27559052343169355,
    0.26454444952815726,
    0.30333828644627453,
    0.05916670008801109,
    0.05905239343527116,
    0.06625582431785484,
    0.08353689219944797,
    0.19335788702723658,
    0.19113851674810706,
    0.3000116118019756,
    0.27886527339235684
  ]
}