{
  "trained_at": "2026-04-07T16:45:03.981738",
  "accuracy": 0.4961153756687602,
  "pairs_used": [
    "EURUSD",
    "GBPUSD",
    "USDJPY",
    "AUDUSD",
    "USDCAD",
    "XAUUSD",
    "BTCUSD",
    "ETHUSD"
  ],
  "n_samples": 107471,
  "n_features": 16,
  "model_size_kb": 193.7900390625,
  "scaler_mean": [
    0.5090914315054912,
    0.5099604275263652,
    -1.3624636277668988e-05,
    -3.944537594039126e-05,
    -9.652398762270493e-05,
    -0.0003646060668683508,
    0.05246066380698049,
    9.175112213268555e-06,
    -0.0030054619385694744,
    0.5136051078378426,
    0.017579082596153317,
    0.20279542675085505,
    0.460839773504293,
    0.49831117231625277,
    0.0005749677609248403,
    0.0011128343979380849
  ],
  "scaler_scale": [
    0.17271901270152118,
    0.23297178195773505,
    0.004810551462012387,
    0.008496594271349087,
    0.013421183081293623,
    0.02693075905398495,
    0.8801410646871356,
    0.13242645618326687,
    0.999995483589069,
    0.3044229239329103,
    0.022996252810407895,
    0.06156390842622927,
    0.27495766083577716,
    0.49999714785291977,
    0.08442581067903902,
    0.08659584770720369
  ]
}