{
  "trained_at": "2026-04-22T01:59:14.462573",
  "accuracy": 0.46984989648033126,
  "architecture": "LSTM-128+LSTM-64+Attention+Dense-64-32-3",
  "sequence_len": 20,
  "n_features": 32,
  "n_samples": 38638,
  "pairs_used": [
    "EURUSD",
    "GBPUSD",
    "USDJPY",
    "AUDUSD",
    "XAUUSD",
    "BTCUSD"
  ],
  "model_size_kb": 567.4140625,
  "version": "2.1-LSTM-32feat",
  "scaler_mean": [
    0.5107026918054896,
    0.5105361322115343,
    0.5106161557350163,
    2.544711745786379e-05,
    7.513275835438882e-05,
    0.00018962022426427598,
    0.0007372713970944753,
    0.3090434062807181,
    0.22486936727197476,
    -0.00045615922967283856,
    0.49500750168141133,
    0.0388794040043458,
    0.03895700760515288,
    0.5134200906038536,
    0.06575781319245252,
    0.5231000051735734,
    0.200283346305939,
    0.05529643190545962,
    0.46968285995136844,
    0.47760983607706703,
    0.49749081690723784,
    0.08867504785555383,
    0.0753530963836722,
    0.10235914946453516,
    0.0007453982158344409,
    0.0014787476904647863,
    0.002919839741906886,
    0.0014975880741295215,
    0.17776499832023265,
    0.15955558756827554,
    0.528696287035474,
    0.5287113362660928
  ],
  "scaler_scale": [
    0.17176186708103416,
    0.2334794126375267,
    0.1433433751155739,
    0.0033494958455992166,
    0.005892504830789525,
    0.009222753791687235,
    0.0182206010167977,
    0.46209910118407405,
    0.41749626936617823,
    0.9159045847932427,
    0.4999750743392505,
    0.19330751653418102,
    0.19349252999432545,
    0.30521279492631176,
    0.07481774823757899,
    0.49946610471680747,
    0.047211689777274114,
    0.05339395979081933,
    0.499080024664654,
    0.27711204239137116,
    0.4999937039605669,
    0.2842741348476309,
    0.26396023800766893,
    0.30312003230639856,
    0.059257479453753155,
    0.05965410044966548,
    0.06665673524643162,
    0.08381828420255177,
    0.19444993649592912,
    0.18910834810980615,
    0.29979323765128396,
    0.27881667764014295
  ]
}