{
  "trained_at": "2026-04-08T15:33:51.692756",
  "accuracy": 0.5067900660403684,
  "architecture": "LSTM-128+LSTM-64+Attention+Dense-64-32-3",
  "sequence_len": 20,
  "n_features": 32,
  "n_samples": 107507,
  "pairs_used": [
    "EURUSD",
    "GBPUSD",
    "USDJPY",
    "AUDUSD",
    "USDCAD",
    "XAUUSD",
    "BTCUSD",
    "ETHUSD"
  ],
  "model_size_kb": 567.408203125,
  "scaler_mean": [
    0.5093284833167697,
    0.5101163328023248,
    0.5085942475124544,
    -8.052218288300535e-06,
    -2.5983149612432894e-05,
    -7.639696214075307e-05,
    -0.0003905492844109118,
    0.3015521682926149,
    0.2448780306341663,
    0.0013941686068277958,
    0.4987770513452435,
    0.03849265765807658,
    0.038501957647846585,
    0.5138810373350938,
    0.0876639872267262,
    0.5255610218828759,
    0.20071231094803232,
    0.07251410902654966,
    0.4709235819840598,
    0.46087528959257124,
    0.49840505175444305,
    0.10278348693816437,
    0.07063342230323547,
    0.10607568331674835,
    0.0006538847687770579,
    0.001254980504639293,
    0.0022291338604037516,
    0.0013028428783714275,
    0.22596661220264655,
    0.20570745631121204,
    0.5290407981783859,
    0.5290364291122138
  ],
  "scaler_scale": [
    0.17277478686513162,
    0.23303340352234003,
    0.14493629637261835,
    0.004816642260066043,
    0.008508586183825344,
    0.01343725663018752,
    0.02701862769350215,
    0.4589318665015945,
    0.43001486107679887,
    1.3260021815873448,
    0.49999850439435106,
    0.1923823613653151,
    0.19240466965520872,
    0.3044848750044429,
    0.11192004310411825,
    0.4993462067146431,
    0.050574706850990345,
    0.07415591352708516,
    0.4991538459386668,
    0.27494259088011475,
    0.49999745613362284,
    0.3036758827286035,
    0.25621151800215436,
    0.3079344617376127,
    0.08454675830274092,
    0.08673575638920514,
    0.09850701923495736,
    0.11964503312630335,
    0.25532987772506915,
    0.24794733684988599,
    0.2942218351098281,
    0.27336053960775075
  ]
}