{
  "trained_at": "2026-04-16T02:03:58.125192",
  "accuracy": 0.4804556044524981,
  "architecture": "LSTM-128+LSTM-64+Attention+Dense-64-32-3",
  "sequence_len": 20,
  "n_features": 32,
  "n_samples": 38629,
  "pairs_used": [
    "EURUSD",
    "GBPUSD",
    "USDJPY",
    "AUDUSD",
    "XAUUSD",
    "BTCUSD"
  ],
  "model_size_kb": 567.4501953125,
  "version": "2.1-LSTM-32feat",
  "scaler_mean": [
    0.5112023345357496,
    0.5111651303470996,
    0.511100872906364,
    3.292802024675079e-05,
    9.471199042711673e-05,
    0.0002341613768145756,
    0.0008800762986899781,
    0.3135398069807757,
    0.22303293746280628,
    -0.0003852357946225881,
    0.49470878936065615,
    0.038759088204093246,
    0.038759088204093246,
    0.5140922033203187,
    0.06612498821185751,
    0.5233770602085436,
    0.20048502531610496,
    0.0554090670473887,
    0.4726642345209449,
    0.4778904847388867,
    0.49817589070868584,
    0.08866982328132682,
    0.07506015679577738,
    0.10277109368935806,
    0.0008634838237208975,
    0.0016676256822414728,
    0.0033235068166457423,
    0.0017054522515165581,
    0.1787464168350482,
    0.15980009433274103,
    0.5291999574492209,
    0.5291834666124432
  ],
  "scaler_scale": [
    0.17243693023383252,
    0.23376928618493872,
    0.1440959053659401,
    0.0033601818801779685,
    0.0059287472597397695,
    0.009305838814832877,
    0.018367687133940602,
    0.4639316721449761,
    0.41628024967504546,
    0.9198987030934674,
    0.49997200230609923,
    0.19302026133460853,
    0.19302026133460853,
    0.30545748190034444,
    0.07506715322628195,
    0.49945321408116516,
    0.04735887777649394,
    0.05335009095364703,
    0.49925219671592247,
    0.27680301749875674,
    0.4999966726142218,
    0.2842665751026404,
    0.2634883861910629,
    0.30365967132836597,
    0.059379672399213095,
    0.06010159381758124,
    0.06739272943575851,
    0.08416784792227192,
    0.19527040551171992,
    0.18933114119696498,
    0.3000773858966312,
    0.27910568232153976
  ]
}