{
  "trained_at": "2026-04-24T02:05:59.872181",
  "accuracy": 0.4723696130451663,
  "architecture": "LSTM-128+LSTM-64+Attention+Dense-64-32-3",
  "sequence_len": 20,
  "n_features": 32,
  "n_samples": 38635,
  "pairs_used": [
    "EURUSD",
    "GBPUSD",
    "USDJPY",
    "AUDUSD",
    "XAUUSD",
    "BTCUSD"
  ],
  "model_size_kb": 567.439453125,
  "version": "2.1-LSTM-32feat",
  "scaler_mean": [
    0.5102829760630715,
    0.5101701177796842,
    0.5101531826106169,
    2.549743265388396e-05,
    7.489674171566257e-05,
    0.00018988849782339992,
    0.0007602599862096843,
    0.3102056655025223,
    0.22351571594877764,
    -0.0005931468518873211,
    0.49481309015651276,
    0.038804811796662786,
    0.038882421420256115,
    0.5126845537763947,
    0.06595385985043227,
    0.5223903764066744,
    0.20036756671912598,
    0.05398167338692993,
    0.47240977881257273,
    0.48000133402852546,
    0.49670159099728367,
    0.08260250937782952,
    0.07582460225067908,
    0.102263614021472,
    0.0007112982668259357,
    0.0014381004291914767,
    0.0028845229844897875,
    0.001444871510645227,
    0.17611622207420513,
    0.16073632041230368,
    0.5262426623369905,
    0.5262681380185422
  ],
  "scaler_scale": [
    0.17181166226268638,
    0.23350684151262738,
    0.14341572033683705,
    0.0032812528530687534,
    0.005768281895320256,
    0.009015944523782576,
    0.01787091999083568,
    0.4625776806036577,
    0.416601056974995,
    0.9033269993293036,
    0.49997309524240957,
    0.19312948604003574,
    0.19331471419618768,
    0.30510095993315106,
    0.0735505586118929,
    0.4994984194613306,
    0.04668537313675298,
    0.0497473262883667,
    0.49923819935460545,
    0.27611259009311845,
    0.4999891203796848,
    0.27528046574778076,
    0.26471726793733236,
    0.30299466541300596,
    0.059116491904766436,
    0.058830865200237635,
    0.06555176292296466,
    0.0833635380705234,
    0.19357798860704026,
    0.1910484090523141,
    0.29979648999639746,
    0.27872518352485554
  ]
}