{
  "trained_at": "2026-04-12T02:01:32.811513",
  "accuracy": 0.4755923863783504,
  "architecture": "LSTM-128+LSTM-64+Attention+Dense-64-32-3",
  "sequence_len": 20,
  "n_features": 32,
  "n_samples": 38614,
  "pairs_used": [
    "EURUSD",
    "GBPUSD",
    "USDJPY",
    "AUDUSD",
    "XAUUSD",
    "BTCUSD"
  ],
  "model_size_kb": 567.4345703125,
  "version": "2.1-LSTM-32feat",
  "scaler_mean": [
    0.5109159934354573,
    0.5108297172353614,
    0.5108698365854345,
    3.3593338788445406e-05,
    9.576607239836786e-05,
    0.00023464679763319555,
    0.0008861314389816037,
    0.31358388983796653,
    0.22322306776414558,
    2.693899857367204e-05,
    0.4947973287777605,
    0.038903556452865355,
    0.038903556452865355,
    0.5139102692483896,
    0.06607707218811006,
    0.5237614536418699,
    0.20023387452555086,
    0.05550576782371495,
    0.4702852409794481,
    0.47752983680573924,
    0.4981622405135373,
    0.08906662525236839,
    0.07519283532639644,
    0.1026298079411917,
    0.0008747165672056592,
    0.0016834005847051756,
    0.0033251310333242026,
    0.0017158999143465394,
    0.17902574235300403,
    0.15987622591296613,
    0.5288682172481839,
    0.5288518254951577
  ],
  "scaler_scale": [
    0.17213453110748636,
    0.23364817236549248,
    0.14369267067870747,
    0.003354499523794006,
    0.0059175347921142625,
    0.009296537458902403,
    0.018358653212284387,
    0.4639493871879309,
    0.4164066879651542,
    0.917476344271782,
    0.4999729314794486,
    0.19336512029883798,
    0.19336512029883798,
    0.30518718997369687,
    0.07488218280114727,
    0.4994350741796428,
    0.04745516754076616,
    0.053304710351656626,
    0.499116252085975,
    0.2768976364694945,
    0.4999966226286632,
    0.2848398875131827,
    0.26370224277008697,
    0.3034747608338226,
    0.05925969411683615,
    0.059952809325240226,
    0.06737082688338267,
    0.08402278903731678,
    0.19496554341830158,
    0.1890598350359524,
    0.29994251449060433,
    0.2789287991490863
  ]
}