{
  "trained_at": "2026-04-19T02:06:27.476067",
  "accuracy": 0.4708700155359917,
  "architecture": "LSTM-128+LSTM-64+Attention+Dense-64-32-3",
  "sequence_len": 20,
  "n_features": 32,
  "n_samples": 38620,
  "pairs_used": [
    "EURUSD",
    "GBPUSD",
    "USDJPY",
    "AUDUSD",
    "XAUUSD",
    "BTCUSD"
  ],
  "model_size_kb": 567.431640625,
  "version": "2.1-LSTM-32feat",
  "scaler_mean": [
    0.5108394265048026,
    0.5108243544789278,
    0.5107403995601294,
    3.4054381411474056e-05,
    9.6477825693878e-05,
    0.00023749865401279268,
    0.000884151877815044,
    0.31174948240165634,
    0.22399068322981366,
    -0.0001452461078265578,
    0.4953933747412008,
    0.038664596273291926,
    0.03863871635610766,
    0.5139283534730121,
    0.06622374606870479,
    0.5225414078674948,
    0.20029750376157404,
    0.05414456131039848,
    0.4726966873706004,
    0.4803889797900851,
    0.49795548654244304,
    0.08253105590062111,
    0.0760351966873706,
    0.10212215320910974,
    0.000843608843085281,
    0.0016643808661575483,
    0.0032863991645235924,
    0.0016637625767297003,
    0.17721128071695902,
    0.16091952860321912,
    0.5267961466999529,
    0.5267912764030968
  ],
  "scaler_scale": [
    0.1719490429762594,
    0.23357952670512588,
    0.14349893957112575,
    0.003288436045342367,
    0.005791822641433696,
    0.009083591956557899,
    0.018132617137676187,
    0.4632080986165459,
    0.41691588726750983,
    0.905300730246022,
    0.49997877855337514,
    0.19279430818443594,
    0.19273236872528682,
    0.3052786969596517,
    0.07363993649926918,
    0.4994916264877233,
    0.046508925151411376,
    0.04969209444640063,
    0.49925397256252385,
    0.27602513058577793,
    0.499995819947249,
    0.27517209290287714,
    0.26505441998216794,
    0.30280888202469364,
    0.05919590600325576,
    0.05910609882523453,
    0.06629112443316292,
    0.0835526778534382,
    0.1942004113504789,
    0.19080242238224668,
    0.300087023197695,
    0.2790335315036709
  ]
}