{
  "trained_at": "2026-04-25T01:53:36.286085",
  "accuracy": 0.46550161812297736,
  "architecture": "LSTM-128+LSTM-64+Attention+Dense-64-32-3",
  "sequence_len": 20,
  "n_features": 32,
  "n_samples": 38624,
  "pairs_used": [
    "EURUSD",
    "GBPUSD",
    "USDJPY",
    "AUDUSD",
    "XAUUSD",
    "BTCUSD"
  ],
  "model_size_kb": 567.4189453125,
  "version": "2.1-LSTM-32feat",
  "scaler_mean": [
    0.5102066018818806,
    0.5102479514528646,
    0.5100049753155224,
    2.585047656173041e-05,
    7.264450596718688e-05,
    0.0001824891990590518,
    0.0007343716499110062,
    0.30863782217161784,
    0.22554600972984162,
    -0.00035520212621265176,
    0.4952127108994928,
    0.03894524376358555,
    0.03886761204844219,
    0.5126830308374829,
    0.06587896131909275,
    0.5223320567229065,
    0.2004102908911658,
    0.053996513831765,
    0.47301004036849187,
    0.4797824373248699,
    0.49694648587102785,
    0.08288479453472726,
    0.07576855397991926,
    0.10237035503571058,
    0.0007214670168606287,
    0.001400207202704127,
    0.0028513957744226736,
    0.0014326809102182417,
    0.17596613916484138,
    0.16072758808078144,
    0.5264695064603064,
    0.5263912804324501
  ],
  "scaler_scale": [
    0.17163263892943081,
    0.23333296997885353,
    0.14326998304046662,
    0.0032809691283917507,
    0.005767295376681915,
    0.00901628861039532,
    0.017877929719029417,
    0.461931290233492,
    0.4179413920931831,
    0.9028022945714573,
    0.49997708133780316,
    0.19346449739365737,
    0.1932793853003832,
    0.3051484647149961,
    0.0735647612353937,
    0.49950103027173515,
    0.046669019618066195,
    0.04979078398567597,
    0.4992710106536224,
    0.2760745715993292,
    0.4999906759645265,
    0.27570800744567303,
    0.2646274366117605,
    0.30313473150659126,
    0.059113992585828806,
    0.05881521105810363,
    0.06557929765889688,
    0.08332422394881775,
    0.19357460183858186,
    0.19106773095327706,
    0.2995975823688672,
    0.2785014024575207
  ]
}