{
  "trained_at": "2026-04-20T02:04:52.939882",
  "accuracy": 0.4695201037613489,
  "architecture": "LSTM-128+LSTM-64+Attention+Dense-64-32-3",
  "sequence_len": 20,
  "n_features": 32,
  "n_samples": 38549,
  "pairs_used": [
    "EURUSD",
    "GBPUSD",
    "USDJPY",
    "AUDUSD",
    "XAUUSD",
    "BTCUSD"
  ],
  "model_size_kb": 567.4423828125,
  "version": "2.1-LSTM-32feat",
  "scaler_mean": [
    0.5108652651024876,
    0.5106488255898197,
    0.5107299568271956,
    3.0349748119286566e-05,
    8.93068298471153e-05,
    0.00022449110108263069,
    0.0008646892095122236,
    0.31118255593870725,
    0.22551790297907645,
    -7.53005255715726e-05,
    0.4952941481500687,
    0.03865798957712152,
    0.038735772252327,
    0.5138049996835515,
    0.06620553528335407,
    0.5230366356400218,
    0.20019997144210916,
    0.054139396202824805,
    0.47146672197879125,
    0.480366391242093,
    0.4977572661982421,
    0.08247556327620628,
    0.07588996344214265,
    0.10207679742798621,
    0.0007809576518743416,
    0.001609092174437779,
    0.0032236305480901036,
    0.0016079866398923893,
    0.17704281273479588,
    0.16093667640244416,
    0.5266108763047811,
    0.5266811351979799
  ],
  "scaler_scale": [
    0.1718700460215176,
    0.2336845582785725,
    0.143527757786507,
    0.0032903076288515634,
    0.005793955798381452,
    0.009083691111259212,
    0.01812926183909177,
    0.46297729190335096,
    0.4179229335834495,
    0.9056624319285274,
    0.4999778544679419,
    0.19277849833157404,
    0.19296453612087078,
    0.30527031579813574,
    0.07368039745992046,
    0.4994690314908311,
    0.0465228410423039,
    0.04971619969202602,
    0.49918518812697593,
    0.2760401853320242,
    0.49999497011979477,
    0.27508788548112906,
    0.264821972069715,
    0.3027492772160358,
    0.059243353102981455,
    0.059111941221416664,
    0.06629968386551134,
    0.08358586752337273,
    0.19406242622094907,
    0.19097118094482463,
    0.30013260963160293,
    0.2790086377703875
  ]
}