{
  "trained_at": "2026-04-11T06:17:32.893616",
  "accuracy": 0.4714489188139324,
  "architecture": "LSTM-128+LSTM-64+Attention+Dense-64-32-3",
  "sequence_len": 20,
  "n_features": 32,
  "n_samples": 38614,
  "pairs_used": [
    "EURUSD",
    "GBPUSD",
    "USDJPY",
    "AUDUSD",
    "XAUUSD",
    "BTCUSD"
  ],
  "model_size_kb": 567.4287109375,
  "version": "2.1-LSTM-32feat",
  "scaler_mean": [
    0.5109162044569437,
    0.5108261466858732,
    0.510825368222691,
    3.354735407109363e-05,
    9.467483460597557e-05,
    0.00023283444516935474,
    0.0009090561594717015,
    0.3134027022829632,
    0.22322306776414558,
    0.0002108950717556352,
    0.49495263239633486,
    0.038903556452865355,
    0.038903556452865355,
    0.5138789477544695,
    0.06610522445470825,
    0.5236579178961537,
    0.2002998514694358,
    0.05555545317453848,
    0.4707511518351711,
    0.47749716598937963,
    0.49813635657710825,
    0.08914427706165554,
    0.07519283532639644,
    0.1026298079411917,
    0.0008754491068004208,
    0.0016632020359075648,
    0.0033155752244919652,
    0.0017213754687270513,
    0.17907047963958855,
    0.15995946235742875,
    0.52891045580792,
    0.5288920591134713
  ],
  "scaler_scale": [
    0.17212113146061153,
    0.23363023925278611,
    0.14368814681780745,
    0.003355433055100501,
    0.005918260396870825,
    0.009295709840234586,
    0.01837352614797186,
    0.46387654444334603,
    0.4164066879651542,
    0.9176013664266495,
    0.49997452343121795,
    0.19336512029883798,
    0.19336512029883798,
    0.30518379960142683,
    0.07489115043393879,
    0.49943998930884465,
    0.04744112222967193,
    0.05335769928781573,
    0.49914377175422203,
    0.2768989766871318,
    0.4999965268211294,
    0.28495188177797726,
    0.26370224277008697,
    0.3034747608338225,
    0.05928685218186518,
    0.059961829772791284,
    0.067363167437579,
    0.08403795669540179,
    0.19499482935938678,
    0.189126864142189,
    0.29991477038670655,
    0.27889897720372986
  ]
}