{
  "trained_at": "2026-04-11T06:35:04.488429",
  "accuracy": 0.4678233846950667,
  "architecture": "LSTM-128+LSTM-64+Attention+Dense-64-32-3",
  "sequence_len": 20,
  "n_features": 32,
  "n_samples": 38614,
  "pairs_used": [
    "EURUSD",
    "GBPUSD",
    "USDJPY",
    "AUDUSD",
    "XAUUSD",
    "BTCUSD"
  ],
  "model_size_kb": 567.48828125,
  "version": "2.1-LSTM-32feat",
  "scaler_mean": [
    0.51080022830889,
    0.5106910607672005,
    0.5107091420729838,
    3.400946031487684e-05,
    9.609908880343854e-05,
    0.00023635586596055692,
    0.0009166277413468674,
    0.31337681834653414,
    0.22332660350986178,
    0.00011706097831726184,
    0.49510793601490916,
    0.038722368897861986,
    0.038722368897861986,
    0.5139197617447175,
    0.06631587800611922,
    0.5234508464047213,
    0.20027218606459832,
    0.05427921233363499,
    0.4724336077030595,
    0.4801366857645453,
    0.4981104726406792,
    0.08280271263653777,
    0.07589170160998085,
    0.10244862038618834,
    0.0008420128608173599,
    0.0016515137666311232,
    0.0032904188510629595,
    0.001673786906378694,
    0.17748275386008233,
    0.16122915515671202,
    0.5267565009871047,
    0.526738104289031
  ],
  "scaler_scale": [
    0.17212564672760944,
    0.23370691128062787,
    0.1436914727728946,
    0.0032858606024510407,
    0.005789474328079355,
    0.009083055001208241,
    0.0181113813933417,
    0.4638661316258576,
    0.41647548748349017,
    0.9040418844314665,
    0.49997606713718384,
    0.19293249349137606,
    0.19293249349137606,
    0.3051318630960476,
    0.07348047578845457,
    0.49944975503337885,
    0.046867036468887124,
    0.04965207533608063,
    0.4992395156793292,
    0.27596752465238056,
    0.49999642967361113,
    0.275583786563304,
    0.2648247557097381,
    0.30323736670660334,
    0.05912080190052366,
    0.059059336765208116,
    0.06626065089601386,
    0.0835078589111148,
    0.19354098513543183,
    0.19105264988918355,
    0.3000466658666444,
    0.27894684930851077
  ]
}