{
  "trained_at": "2026-04-26T02:07:40.034293",
  "accuracy": 0.4736569579288026,
  "architecture": "LSTM-128+LSTM-64+Attention+Dense-64-32-3",
  "sequence_len": 20,
  "n_features": 32,
  "n_samples": 38623,
  "pairs_used": [
    "EURUSD",
    "GBPUSD",
    "USDJPY",
    "AUDUSD",
    "XAUUSD",
    "BTCUSD"
  ],
  "model_size_kb": 567.486328125,
  "version": "2.1-LSTM-32feat",
  "scaler_mean": [
    0.5101642658032524,
    0.5101602285062052,
    0.509975054154235,
    2.4814807475449413e-05,
    7.082320373689598e-05,
    0.00018037697733382742,
    0.0007323877829452895,
    0.3075071811194783,
    0.22596589291721658,
    -0.0006271071844231319,
    0.49507025852030123,
    0.038946251585021865,
    0.038868617860932125,
    0.5125497692087971,
    0.06586186974774648,
    0.52278549802034,
    0.20035095573863385,
    0.05398790981294945,
    0.4726599901663949,
    0.4796964369142327,
    0.4969852237145149,
    0.08291281732784722,
    0.07577051471159071,
    0.10232124835028336,
    0.0007043568857088272,
    0.0013903807808419504,
    0.002831673722948964,
    0.001398941599446129,
    0.17588094788430353,
    0.1607238154481459,
    0.5263073934059819,
    0.5262454531492038
  ],
  "scaler_scale": [
    0.1716436616159718,
    0.23328233091186631,
    0.1432732182206429,
    0.0032796811228797892,
    0.005766215658058252,
    0.009015284174636705,
    0.017869022328785174,
    0.4614612818855236,
    0.41821681955098555,
    0.9026121437796587,
    0.49997569705831035,
    0.19346689916494256,
    0.1932817849837717,
    0.3051189803276317,
    0.07356472582793848,
    0.4994805512529643,
    0.04670348484818425,
    0.04979075988391996,
    0.49925196430489716,
    0.2760487983358041,
    0.4999909110413392,
    0.27575039809691343,
    0.2646305798881364,
    0.30307030617716907,
    0.05908762293472992,
    0.058811339981616965,
    0.0655844169989375,
    0.08330711825065219,
    0.19354664889377213,
    0.19104681817536057,
    0.29955164651703564,
    0.278463120999096
  ]
}