{
  "trained_at": "2026-04-21T02:02:37.891368",
  "accuracy": 0.4816875889737285,
  "architecture": "LSTM-128+LSTM-64+Attention+Dense-64-32-3",
  "sequence_len": 20,
  "n_features": 32,
  "n_samples": 38633,
  "pairs_used": [
    "EURUSD",
    "GBPUSD",
    "USDJPY",
    "AUDUSD",
    "XAUUSD",
    "BTCUSD"
  ],
  "model_size_kb": 567.4501953125,
  "version": "2.1-LSTM-32feat",
  "scaler_mean": [
    0.5106564133943815,
    0.5106546816764244,
    0.5104578205445297,
    2.7671155852647353e-05,
    7.770719311276141e-05,
    0.00019784424357613607,
    0.0007931107940787202,
    0.3097301632473547,
    0.2258556903733216,
    -0.0005314816085359682,
    0.49540785967454015,
    0.03872920601246992,
    0.03865159237316638,
    0.5136728419006986,
    0.06608278802292322,
    0.5230124440535017,
    0.20028174508671803,
    0.054102139755343934,
    0.47173569968695833,
    0.4802845472158047,
    0.4978656249191525,
    0.08242568494036685,
    0.07608723773057718,
    0.10219129174967015,
    0.0007466497190755723,
    0.0014541322343403242,
    0.002970376555165992,
    0.0014758019739276205,
    0.1765566207158883,
    0.16119297006947397,
    0.5266109114523986,
    0.5265692257952121
  ],
  "scaler_scale": [
    0.17176335804416262,
    0.2335623165308051,
    0.14325785731947413,
    0.0032810373740225105,
    0.005765056226560161,
    0.00902210743072894,
    0.017994133719418118,
    0.4623822976954478,
    0.4181445892263965,
    0.9044621154832142,
    0.49997891180251924,
    0.19294883936969817,
    0.19276318834306763,
    0.30508013301626885,
    0.07340057246160875,
    0.4994701466741375,
    0.04657951491483667,
    0.049694327756032615,
    0.4992004901117529,
    0.27608306030303653,
    0.499995444422261,
    0.2750121659172157,
    0.2651376434705337,
    0.3028997055795927,
    0.059119962668907546,
    0.05876375606389256,
    0.06582908596831276,
    0.08332859690304993,
    0.19308280057867688,
    0.1910825983192306,
    0.3000296725720566,
    0.2789457845623067
  ]
}