{
  "mean": [
    0.5105093122533682,
    0.5103571252630846,
    0.510425720074752,
    2.5713505877506168e-05,
    7.402747822918217e-05,
    0.00018519989976301224,
    0.0007848364787983931,
    0.30941356028662337,
    0.22324546653904856,
    -0.0002856064553008028,
    0.4960291797087203,
    0.038776935613213645,
    0.03880280414931319,
    0.5132391328677486,
    0.06587518890204175,
    0.5216907675194661,
    0.20035704189580605,
    0.053937916166429005,
    0.47261815453863465,
    0.47961795110474764,
    0.49688284140000516,
    0.08303800087953023,
    0.07579481077165844,
    0.10231006027368911,
    0.0007125159664287968,
    0.0014434553231465286,
    0.002801960131279623,
    0.0014257106486960575,
    0.1757868957330457,
    0.16050135084551756,
    0.5268540435873565,
    0.5268486346927178
  ],
  "scale": [
    0.1717589337145031,
    0.23337899074325438,
    0.1434698276377534,
    0.0032798941356706602,
    0.0057677985692466995,
    0.009016026457721425,
    0.017877847768386933,
    0.46225188912256426,
    0.41642157510005545,
    0.9031540346885767,
    0.49998423233759526,
    0.1930629039397842,
    0.19312469168768465,
    0.3052328491701655,
    0.073585222173748,
    0.4995292890356045,
    0.04678925129654075,
    0.04980956334958333,
    0.49924967154634153,
    0.27599184181305875,
    0.49999028322784683,
    0.2759396515353699,
    0.2646695249395875,
    0.30305562499396577,
    0.05909611213668082,
    0.05882555465998059,
    0.06557244807073236,
    0.08333281812875762,
    0.19341807141155504,
    0.1912168038502208,
    0.2997146947558369,
    0.27869704495049147
  ],
  "n_features": 32,
  "sequence_len": 20,
  "version": "2.1-LSTM-32feat",
  "feature_names": [
    "rsi14",
    "rsi7",
    "rsi21",
    "e8d",
    "e21d",
    "e50d",
    "e200d",
    "ebull",
    "ebear",
    "mhist",
    "msig",
    "mcup",
    "mcdn",
    "bbpos",
    "bbwid",
    "bbsqz",
    "aratr",
    "apct",
    "aup",
    "brat",
    "bull2",
    "pinb",
    "pins",
    "engulf",
    "m5",
    "m20",
    "m60",
    "roc",
    "demand",
    "supply",
    "sk",
    "sd"
  ]
}