{
  "mean": [
    0.5091300461173269,
    0.5100492165861492,
    0.5083826334504014,
    -7.867550943752655e-06,
    -2.8804579742582703e-05,
    -8.188654979200525e-05,
    -0.00036846375140816797,
    0.3013222572222377,
    0.2451890465438259,
    0.0012335841617843117,
    0.4986015480537823,
    0.038459751530863506,
    0.038441167451844005,
    0.5137200871129021,
    0.0878759555886387,
    0.5257900556593167,
    0.2007213130464178,
    0.071355729709583,
    0.4720634832139306,
    0.46310151825231377,
    0.49832278686848974,
    0.09713898103494736,
    0.07129781915832706,
    0.10588279021362398,
    0.0006349416092503121,
    0.001175657856603262,
    0.0021492935164604604,
    0.001234392694830707,
    0.2241146096780801,
    0.20681384422284518,
    0.526752764574643,
    0.5267388308545751
  ],
  "scale": [
    0.1727444456161623,
    0.2330736717114509,
    0.14488051323413484,
    0.004778835433556077,
    0.00844275228923772,
    0.013332251273717831,
    0.026818721375983057,
    0.45883238173077245,
    0.4301992305882886,
    1.3190296745985695,
    0.49999804432832945,
    0.19230340361794881,
    0.19225879458891676,
    0.3044507573568338,
    0.11116692421617437,
    0.4993344300457253,
    0.05029259890829516,
    0.07251196521164933,
    0.4992189409766637,
    0.27417911324806177,
    0.4999971869481982,
    0.29614692198035675,
    0.25732166667731954,
    0.3076875443533613,
    0.08459010163034524,
    0.0862428439150708,
    0.09805178262289534,
    0.11948997311972928,
    0.2546208862574212,
    0.24917722220505675,
    0.2942136651757574,
    0.2732375323554831
  ],
  "n_features": 32,
  "sequence_len": 20,
  "version": "2.0-LSTM"
}