{
  "mean": [
    0.5109303674443711,
    0.5108381229002269,
    0.5108910438880696,
    3.469627814756521e-05,
    0.00010137715047591689,
    0.0002605474593843206,
    0.0011691090874801715,
    0.31397726978538326,
    0.22233152975897688,
    -0.0008955305119502903,
    0.49434333497294636,
    0.03883294068915526,
    0.03883294068915526,
    0.5137263733489557,
    0.06615138606522492,
    0.5241152561679654,
    0.2002987240083317,
    0.05571039282453301,
    0.47117301369508374,
    0.47749465340046027,
    0.4977347451264659,
    0.0893675408393093,
    0.07502524141144795,
    0.10244129753799155,
    0.0008870387585170178,
    0.0017516438770028518,
    0.0035673045329856993,
    0.0017452875853794254,
    0.17963352433960647,
    0.15999160168396412,
    0.5291435177814339,
    0.5291789133466177
  ],
  "scale": [
    0.17201779373051854,
    0.23355742954967623,
    0.143681473256991,
    0.003357256244622695,
    0.005924990960477775,
    0.009332223593899229,
    0.01870098950285738,
    0.46410725467665326,
    0.41581272303046485,
    0.9173727302117802,
    0.4999680011168432,
    0.19319664439784612,
    0.19319664439784612,
    0.3050663980766176,
    0.07481746203320006,
    0.499418115830767,
    0.04747813044084743,
    0.05338514480756723,
    0.4991683131575722,
    0.2770233999701866,
    0.4999948685940266,
    0.28527352397943223,
    0.2634320682122849,
    0.30322776603854107,
    0.05932132609428383,
    0.06001685948383265,
    0.06787516947035171,
    0.08400810516565378,
    0.19493996301184693,
    0.18885455483862382,
    0.2997774005363413,
    0.2787378877436713
  ],
  "n_features": 32,
  "sequence_len": 20,
  "version": "2.1-LSTM-32feat",
  "feature_names": [
    "rsi14",
    "rsi7",
    "rsi21",
    "e8d",
    "e21d",
    "e50d",
    "e200d",
    "ebull",
    "ebear",
    "mhist",
    "msig",
    "mcup",
    "mcdn",
    "bbpos",
    "bbwid",
    "bbsqz",
    "aratr",
    "apct",
    "aup",
    "brat",
    "bull2",
    "pinb",
    "pins",
    "engulf",
    "m5",
    "m20",
    "m60",
    "roc",
    "demand",
    "supply",
    "sk",
    "sd"
  ]
}