{
  "mean": [
    0.5092197016444195,
    0.5101257213511563,
    0.5084883238282413,
    -8.20558662544911e-06,
    -2.973663250750135e-05,
    -8.406407048762632e-05,
    -0.0003737768332122224,
    0.30138476847675466,
    0.24480363071600622,
    0.0012760417203395234,
    0.4986840514475434,
    0.0385112576376166,
    0.03849265765807658,
    0.5138305747052914,
    0.08759741691471501,
    0.525616821821496,
    0.20073014010141146,
    0.07251242362554516,
    0.4709328819738298,
    0.4608469230963299,
    0.49840505175444305,
    0.1028113869074744,
    0.07063342230323547,
    0.10601058338835827,
    0.0006664852968230626,
    0.0011837240596629564,
    0.002163802569556184,
    0.001277498147576807,
    0.22583479586779062,
    0.20572839172879226,
    0.5289632147320492,
    0.5289495869437607
  ],
  "scale": [
    0.17273160943684784,
    0.23302672403610827,
    0.14489471551096023,
    0.004816764813216734,
    0.0085052992046499,
    0.013428308605033659,
    0.026954958707423864,
    0.4588594445001298,
    0.4299707119145065,
    1.3259548480777414,
    0.4999982682764084,
    0.19242697490940738,
    0.1923823613653151,
    0.30449540171557665,
    0.11176858340047936,
    0.4993433472469277,
    0.0506192382747249,
    0.07415804182200814,
    0.4991543875893036,
    0.2749583640794079,
    0.49999745613362273,
    0.30371237319153793,
    0.25621151800215436,
    0.3078511646851742,
    0.08455774084819713,
    0.08663825040929457,
    0.09846316343066638,
    0.11961067092439506,
    0.2551536810597823,
    0.24795962530826518,
    0.29424556995700907,
    0.27338652744685965
  ],
  "n_features": 32,
  "sequence_len": 20,
  "version": "2.0-LSTM"
}