{
  "mean": [
    0.509164220100782,
    0.5099456530178728,
    0.508517055696649,
    -9.325575172419397e-06,
    -2.610950400497491e-05,
    -7.063307182143339e-05,
    -0.00037831606953431446,
    0.3017775671582156,
    0.24516117042529664,
    0.00023045470310143197,
    0.498387831145058,
    0.038431875412334254,
    0.038450459491353756,
    0.513628726620031,
    0.0879472329730807,
    0.5259480203309824,
    0.20073995472625744,
    0.07137211440089944,
    0.47251879314990847,
    0.463153016780306,
    0.49831349482898,
    0.09714827307445711,
    0.07129781915832706,
    0.10592925041117275,
    0.000596143830274771,
    0.0012517499523612206,
    0.0022705607998262847,
    0.0012073527427635907,
    0.22425756799893884,
    0.20687144481929012,
    0.5266487285431117,
    0.526667843827065
  ],
  "scale": [
    0.1727808135579425,
    0.2330777972994469,
    0.144884562079075,
    0.004779139756783883,
    0.008445631265719093,
    0.01334306028617791,
    0.02690112036172549,
    0.45902926608037126,
    0.43018271808732084,
    1.3195021583976863,
    0.49999740090482775,
    0.19223648551881373,
    0.19228110062160952,
    0.30444207335998974,
    0.11132389258877982,
    0.4993262462968504,
    0.05023947479735768,
    0.07250905447290984,
    0.4992442120546441,
    0.2741812784264675,
    0.4999971556922179,
    0.29615956191402604,
    0.25732166667731954,
    0.30774704599475816,
    0.08459010528675606,
    0.086353411495394,
    0.09810479495175489,
    0.11953281846597809,
    0.25475566822840573,
    0.2492130534934116,
    0.29420474781767914,
    0.27323798908546215
  ],
  "n_features": 32,
  "sequence_len": 20,
  "version": "2.0-LSTM"
}