{
  "mean": [
    0.5100710444577641,
    0.5100043221405528,
    0.5100781527039526,
    1.8205780967754834e-05,
    5.594947649353392e-05,
    0.0001537245704902527,
    0.0007153707172360883,
    0.3082076618639903,
    0.22444967536666752,
    -0.001672975827376177,
    0.49499469722444966,
    0.03900773429214413,
    0.039033601489950595,
    0.5121769272944267,
    0.06554235143988538,
    0.5220000517343956,
    0.20036390558198444,
    0.05512585009401514,
    0.47013632013244006,
    0.4770143387974717,
    0.4966243306862568,
    0.08921596523448615,
    0.07470446726506118,
    0.10214956413771696,
    0.00064400113874689,
    0.001285314435399993,
    0.0026965055327039782,
    0.0012721594788312547,
    0.176740999710261,
    0.15926857961809582,
    0.5282118878987484,
    0.5282238269492237
  ],
  "scale": [
    0.17170748337735312,
    0.23319797201814318,
    0.143399742995419,
    0.0033483788452035013,
    0.005893575270506403,
    0.0092278293124084,
    0.018146037317103143,
    0.46175285492601187,
    0.4172193890442594,
    0.9158856411871388,
    0.49997494631643796,
    0.19361335428512574,
    0.19367493241169417,
    0.3053990209882024,
    0.07499520380887043,
    0.4995157632384427,
    0.04742228208236363,
    0.05353810941930193,
    0.4991073638254277,
    0.27695544601139804,
    0.499988604726832,
    0.28505521707515735,
    0.2629138829269093,
    0.30284489542369936,
    0.05923981083527973,
    0.0596609824275502,
    0.06668509083892704,
    0.08382695555831376,
    0.19473170297671055,
    0.18943220113695614,
    0.2996789738131055,
    0.2787460254816469
  ],
  "n_features": 32,
  "sequence_len": 20,
  "version": "2.1-LSTM-32feat",
  "feature_names": [
    "rsi14",
    "rsi7",
    "rsi21",
    "e8d",
    "e21d",
    "e50d",
    "e200d",
    "ebull",
    "ebear",
    "mhist",
    "msig",
    "mcup",
    "mcdn",
    "bbpos",
    "bbwid",
    "bbsqz",
    "aratr",
    "apct",
    "aup",
    "brat",
    "bull2",
    "pinb",
    "pins",
    "engulf",
    "m5",
    "m20",
    "m60",
    "roc",
    "demand",
    "supply",
    "sk",
    "sd"
  ]
}