{
  "mean": [
    0.5106753068901816,
    0.5105130114719613,
    0.510743263149232,
    2.9855510354513138e-05,
    8.790207590142338e-05,
    0.00022571851758730488,
    0.0008626714007966937,
    0.31270054859745366,
    0.22332056722906532,
    -0.001426210396410937,
    0.4940482351723424,
    0.03855708518786875,
    0.03863471690301211,
    0.5134009306090656,
    0.06626176154278803,
    0.5227719697753855,
    0.20052176484638676,
    0.054156151430531596,
    0.47464030638650245,
    0.48055363340392254,
    0.49798157540627264,
    0.08249663595901045,
    0.07587206293344374,
    0.10239623227409171,
    0.0007746641213982746,
    0.0015878341848290256,
    0.003268950338739932,
    0.0015386889987772175,
    0.17701450151936773,
    0.16117329847316778,
    0.5263973467680975,
    0.5264204583729416
  ],
  "scale": [
    0.17192261841069872,
    0.2335601099976185,
    0.1434424982854211,
    0.0032895918327954803,
    0.005795248783132525,
    0.009082360382779354,
    0.018096743999094854,
    0.46359348086907476,
    0.4164714773925746,
    0.9061913633870292,
    0.49996457524052274,
    0.1925368441875066,
    0.19272279458547767,
    0.3051737352127735,
    0.07367934677470864,
    0.4994811682061186,
    0.046596875612097834,
    0.049675035967636186,
    0.49935647181129994,
    0.27592118508453584,
    0.49999592594556147,
    0.2751198666299054,
    0.26479330240711774,
    0.3031686723429088,
    0.059197604299090004,
    0.059148348451218746,
    0.0662583002445381,
    0.08359368107173121,
    0.19371280522350479,
    0.19127506199772504,
    0.30012139570022367,
    0.27905246706036946
  ],
  "n_features": 32,
  "sequence_len": 20,
  "version": "2.1-LSTM-32feat",
  "feature_names": [
    "rsi14",
    "rsi7",
    "rsi21",
    "e8d",
    "e21d",
    "e50d",
    "e200d",
    "ebull",
    "ebear",
    "mhist",
    "msig",
    "mcup",
    "mcdn",
    "bbpos",
    "bbwid",
    "bbsqz",
    "aratr",
    "apct",
    "aup",
    "brat",
    "bull2",
    "pinb",
    "pins",
    "engulf",
    "m5",
    "m20",
    "m60",
    "roc",
    "demand",
    "supply",
    "sk",
    "sd"
  ]
}