{
  "mean": [
    0.5109037208931887,
    0.5108862987378212,
    0.5107495848275481,
    3.3820472197371154e-05,
    9.584346851319486e-05,
    0.00024214953644757689,
    0.0009856930365556643,
    0.3129366106080207,
    0.22209573091849935,
    -0.0006674186279537835,
    0.4946959896507115,
    0.03888745148771022,
    0.03878395860284605,
    0.5137315656329448,
    0.0661391878741785,
    0.5241138421733506,
    0.20021595886941002,
    0.055621288510879885,
    0.4702457956015524,
    0.4775956885560318,
    0.49782664941785254,
    0.08910737386804657,
    0.07508408796895213,
    0.10245795601552393,
    0.0008774352022460058,
    0.0016551494455148256,
    0.0034510216921143214,
    0.0017237404988732317,
    0.17919638087618803,
    0.16005180862469034,
    0.529027277185779,
    0.529004176516025
  ],
  "scale": [
    0.17208208335732217,
    0.23344952700667754,
    0.14371382800892193,
    0.0033566443431102843,
    0.005921007550583554,
    0.009305506155368818,
    0.01845195026484475,
    0.46368878393722734,
    0.4156551662451423,
    0.9181714749898495,
    0.4999718666827311,
    0.19332671208216726,
    0.19307968085207408,
    0.3052104820248713,
    0.07487652163940389,
    0.49941818410590416,
    0.04749211591081201,
    0.053343874777864835,
    0.4991139021512177,
    0.2769703133858802,
    0.4999952765249359,
    0.28489866582767065,
    0.2635269771822665,
    0.3032496055473855,
    0.05930193262905181,
    0.05997853592264269,
    0.06753519036023069,
    0.08406237869935144,
    0.19493178253362003,
    0.1890698953027005,
    0.29988772620968523,
    0.278872829057138
  ],
  "n_features": 32,
  "sequence_len": 20,
  "version": "2.1-LSTM-32feat",
  "feature_names": [
    "rsi14",
    "rsi7",
    "rsi21",
    "e8d",
    "e21d",
    "e50d",
    "e200d",
    "ebull",
    "ebear",
    "mhist",
    "msig",
    "mcup",
    "mcdn",
    "bbpos",
    "bbwid",
    "bbsqz",
    "aratr",
    "apct",
    "aup",
    "brat",
    "bull2",
    "pinb",
    "pins",
    "engulf",
    "m5",
    "m20",
    "m60",
    "roc",
    "demand",
    "supply",
    "sk",
    "sd"
  ]
}