{
  "mean": [
    0.5103885152507943,
    0.5104381128090106,
    0.5102731860791784,
    2.1063898437153902e-05,
    5.89407960525414e-05,
    0.00014568824579636847,
    0.0006606587140512273,
    0.3097246661836249,
    0.22495083324707588,
    0.00017081432912685582,
    0.49648069558016766,
    0.038764103094917714,
    0.038764103094917714,
    0.5132213075680941,
    0.065857050319348,
    0.5209605630887072,
    0.2005287575610042,
    0.053888161124960074,
    0.4734499534209709,
    0.4797462436872062,
    0.4967135907255978,
    0.08298830348825173,
    0.07525100921229687,
    0.10242210951247283,
    0.0006579079033974471,
    0.0012832580358451099,
    0.0024704014324592205,
    0.001295477119621475,
    0.17545237949864398,
    0.1606046257514238,
    0.5272213688223525,
    0.527230329848889
  ],
  "scale": [
    0.17196124242114547,
    0.23339434837256073,
    0.14378271584563593,
    0.0032830788578869087,
    0.005769064385386059,
    0.009015871016877394,
    0.017868605668454995,
    0.4623800356212052,
    0.41754994416060237,
    0.9041660209072713,
    0.4999876143429961,
    0.19303224447268982,
    0.19303224447268982,
    0.3055327955227166,
    0.07367111294413636,
    0.4995604616010002,
    0.04712658764492742,
    0.04990112581750891,
    0.49929459743387117,
    0.27587119600406534,
    0.4999891993974281,
    0.275864540984146,
    0.2637959340566638,
    0.30320260717132336,
    0.05915481052070209,
    0.05882120845740647,
    0.06549728515558194,
    0.08339343102089747,
    0.19323750399687595,
    0.19177350503824325,
    0.29975697556703357,
    0.2787201597649431
  ],
  "n_features": 32,
  "sequence_len": 20,
  "version": "2.1-LSTM-32feat",
  "feature_names": [
    "rsi14",
    "rsi7",
    "rsi21",
    "e8d",
    "e21d",
    "e50d",
    "e200d",
    "ebull",
    "ebear",
    "mhist",
    "msig",
    "mcup",
    "mcdn",
    "bbpos",
    "bbwid",
    "bbsqz",
    "aratr",
    "apct",
    "aup",
    "brat",
    "bull2",
    "pinb",
    "pins",
    "engulf",
    "m5",
    "m20",
    "m60",
    "roc",
    "demand",
    "supply",
    "sk",
    "sd"
  ]
}