{
  "mean": [
    0.509129149055448,
    0.5100175858193354,
    -1.1859017084067852e-05,
    -3.694541247112571e-05,
    -9.29889494857028e-05,
    -0.00036454664045520844,
    0.052758373717549226,
    9.694775660565116e-06,
    -0.002911384163186338,
    0.5137057787811736,
    0.01757513590778719,
    0.20282241463669398,
    0.4608522549322351,
    0.4984047847156982,
    0.0006043749562384087,
    0.0011261547939037109
  ],
  "scale": [
    0.17268117880193887,
    0.23297247590702916,
    0.004810185559322237,
    0.008495277268026949,
    0.013418473219362492,
    0.026927019211956827,
    0.8801362618907692,
    0.13240827972678748,
    0.9999957619121465,
    0.3044560820590381,
    0.022993573662928,
    0.06156004929936837,
    0.27494829859947606,
    0.4999974552817212,
    0.0844233586890913,
    0.08658519558420762
  ],
  "n_features": 16,
  "feature_names": [
    "rsi_14",
    "rsi_7",
    "ema8_dist",
    "ema21_dist",
    "ema50_dist",
    "ema200_dist",
    "ema_align",
    "macd_hist",
    "macd_signal",
    "bb_position",
    "bb_width",
    "atr_ratio",
    "body_ratio",
    "is_bullish",
    "mom_5",
    "mom_20"
  ]
}