{
  "mean": [
    0.5104308428557953,
    0.5104665147337978,
    0.5103455200536762,
    2.302335890911909e-05,
    6.776059967574437e-05,
    0.00017325501658368837,
    0.0007238953586423653,
    0.3081897666718402,
    0.22461068860261782,
    -0.0007374589156210896,
    0.49575766982254643,
    0.039034611205959954,
    0.039034611205959954,
    0.5128942610514204,
    0.06559443434885535,
    0.5224791763671167,
    0.20036843176058555,
    0.05515918011386144,
    0.470303688757825,
    0.47695419763845587,
    0.49699932743545966,
    0.08924414092813907,
    0.07491334264576544,
    0.10225567799679239,
    0.0007156848481346015,
    0.0013997196311449904,
    0.002822925794768218,
    0.0014166069665639543,
    0.17708002651447516,
    0.1591584078887912,
    0.5287817646853746,
    0.5287581435039463
  ],
  "scale": [
    0.17167581668819212,
    0.23322639985330676,
    0.14344047233766208,
    0.0033474779531395406,
    0.005894059001774583,
    0.009229623053768832,
    0.018145129548346708,
    0.46174542162386073,
    0.4173256847691928,
    0.9160773397974493,
    0.4999820023107486,
    0.19367733562283304,
    0.19367733562283304,
    0.30530331021819895,
    0.07498508372777717,
    0.49949443102987257,
    0.04739327514854545,
    0.05350745463897854,
    0.4991173500276341,
    0.27704938672673723,
    0.49999099588308626,
    0.2850958158902679,
    0.2632514648380965,
    0.30298424763378157,
    0.05921840975741182,
    0.05971364503991284,
    0.06667331970823513,
    0.0837977540864228,
    0.194847364620082,
    0.1892911472669968,
    0.29964230266439845,
    0.2786744762071476
  ],
  "n_features": 32,
  "sequence_len": 20,
  "version": "2.1-LSTM-32feat",
  "feature_names": [
    "rsi14",
    "rsi7",
    "rsi21",
    "e8d",
    "e21d",
    "e50d",
    "e200d",
    "ebull",
    "ebear",
    "mhist",
    "msig",
    "mcup",
    "mcdn",
    "bbpos",
    "bbwid",
    "bbsqz",
    "aratr",
    "apct",
    "aup",
    "brat",
    "bull2",
    "pinb",
    "pins",
    "engulf",
    "m5",
    "m20",
    "m60",
    "roc",
    "demand",
    "supply",
    "sk",
    "sd"
  ]
}