{
  "mean": [
    0.5105476105855568,
    0.510464131199497,
    0.5103937961028724,
    2.852882708435097e-05,
    8.117790384759663e-05,
    0.00019826499678864498,
    0.0007549938067745893,
    0.3107150248344371,
    0.2231995033112583,
    0.00032030522394182326,
    0.4952659354304636,
    0.03875206953642384,
    0.03882967715231788,
    0.5133122275154209,
    0.06600920115693194,
    0.5228166390728477,
    0.20039535839672357,
    0.05401603765630967,
    0.4728632036423841,
    0.4801311451802329,
    0.4971802566225166,
    0.08239341887417219,
    0.07602959437086093,
    0.10226096854304635,
    0.0007586603149258279,
    0.001508449774759628,
    0.002928760766491402,
    0.0015273274495446142,
    0.17640627507528342,
    0.16080481435215765,
    0.5264396898161987,
    0.5264730071425707
  ],
  "scale": [
    0.17178412715076086,
    0.23354376309659347,
    0.14334371211180272,
    0.0032822230290408204,
    0.005770078510528945,
    0.009017497237621052,
    0.017866786479233517,
    0.46278634182154976,
    0.41639102419824797,
    0.902967283660013,
    0.4999775881303596,
    0.19300348868108058,
    0.19318885403812674,
    0.30496638053739256,
    0.07355136898481655,
    0.4994791296755244,
    0.046662623819101,
    0.04973528183255818,
    0.4992630511898966,
    0.2761760821719272,
    0.4999920489840666,
    0.27496316735227905,
    0.2650454586493858,
    0.3029911927031616,
    0.05913400433362157,
    0.05884598461516046,
    0.0655081237751568,
    0.08338634451803126,
    0.19367062129942736,
    0.19104432529285087,
    0.2999062674596695,
    0.27880262090618874
  ],
  "n_features": 32,
  "sequence_len": 20,
  "version": "2.1-LSTM-32feat",
  "feature_names": [
    "rsi14",
    "rsi7",
    "rsi21",
    "e8d",
    "e21d",
    "e50d",
    "e200d",
    "ebull",
    "ebear",
    "mhist",
    "msig",
    "mcup",
    "mcdn",
    "bbpos",
    "bbwid",
    "bbsqz",
    "aratr",
    "apct",
    "aup",
    "brat",
    "bull2",
    "pinb",
    "pins",
    "engulf",
    "m5",
    "m20",
    "m60",
    "roc",
    "demand",
    "supply",
    "sk",
    "sd"
  ]
}