{
  "mean": [
    0.5107471691323083,
    0.5106850030947971,
    0.510685015717885,
    3.374836218339622e-05,
    9.473958352344417e-05,
    0.00023480311963146428,
    0.0009235532622625909,
    0.313265174064967,
    0.22332082308787368,
    -0.00019237973926541238,
    0.49501747120486606,
    0.03874724990293775,
    0.038695483370001296,
    0.5138582751103211,
    0.06630444679157603,
    0.5236443639187266,
    0.2002662221058023,
    0.05427865510299446,
    0.472447262844571,
    0.480162848169066,
    0.49812346318105344,
    0.0828005694318623,
    0.07586385401837711,
    0.1024718519477158,
    0.0008389724549031945,
    0.001631857946669464,
    0.003297172755763615,
    0.0016548712598097079,
    0.17741357100201655,
    0.16127852739651524,
    0.5267108215217067,
    0.5266651237256539
  ],
  "scale": [
    0.1721213693889231,
    0.23370384524738305,
    0.14368892081970908,
    0.0032864478238358048,
    0.005789605262777828,
    0.009081668007372394,
    0.018117443212499758,
    0.46382119915223036,
    0.4164716473701761,
    0.9043096908946462,
    0.499975173790465,
    0.19299197011248176,
    0.19286820094759852,
    0.30514782498126647,
    0.07347198057365502,
    0.49944063116138115,
    0.0468718554696614,
    0.04965110239892895,
    0.4992402694847881,
    0.2759925506871968,
    0.49999647859716684,
    0.2755805420083603,
    0.26478015347048856,
    0.30326782141552905,
    0.05912716017603629,
    0.059055717325781215,
    0.06627317871291433,
    0.08350975531390865,
    0.19348057644400476,
    0.19109104405236887,
    0.30006147772548425,
    0.2789568243748268
  ],
  "n_features": 32,
  "sequence_len": 20,
  "version": "2.1-LSTM-32feat",
  "feature_names": [
    "rsi14",
    "rsi7",
    "rsi21",
    "e8d",
    "e21d",
    "e50d",
    "e200d",
    "ebull",
    "ebear",
    "mhist",
    "msig",
    "mcup",
    "mcdn",
    "bbpos",
    "bbwid",
    "bbsqz",
    "aratr",
    "apct",
    "aup",
    "brat",
    "bull2",
    "pinb",
    "pins",
    "engulf",
    "m5",
    "m20",
    "m60",
    "roc",
    "demand",
    "supply",
    "sk",
    "sd"
  ]
}