{
  "mean": [
    0.5110478170546044,
    0.5110793810897982,
    0.5108495450190641,
    3.847813623757291e-05,
    0.00010313469252272897,
    0.00024106322291592594,
    0.0008685409464248096,
    0.31180931183519245,
    0.22420352493594556,
    0.0017542084773154967,
    0.4958461657910401,
    0.03869147752271022,
    0.03863971634876679,
    0.5141919325922796,
    0.06623830041234963,
    0.5220890809803567,
    0.20038031162959954,
    0.05413522972854255,
    0.4732265327777634,
    0.48044785842022253,
    0.4980460156836357,
    0.08255907243976293,
    0.07603716452289137,
    0.10220243795129273,
    0.0009143427671450986,
    0.0017133282015021447,
    0.0032681746745153763,
    0.0017969048409367393,
    0.17725679287085078,
    0.16076258586564157,
    0.5271257021818753,
    0.5270949466767592
  ],
  "scale": [
    0.17196286291826574,
    0.23358213643373466,
    0.14348525978751026,
    0.003292101389465227,
    0.005797970474518907,
    0.009088842594446303,
    0.018113785158369203,
    0.46323240915123387,
    0.417056715977866,
    0.9055451850766992,
    0.499982745363642,
    0.19285861943356283,
    0.19273476248267626,
    0.30526040205035015,
    0.07368794985642703,
    0.49951183419559064,
    0.046542585297092647,
    0.049684177418619496,
    0.49928266688610357,
    0.27605530478974605,
    0.49999618193071366,
    0.2752145926320931,
    0.26505756758525145,
    0.3029143437146959,
    0.05926285966564538,
    0.059115512971261996,
    0.06628003479429269,
    0.08366884697791895,
    0.19420531732785384,
    0.1907193073201222,
    0.3000787740846953,
    0.2790278721664579
  ],
  "n_features": 32,
  "sequence_len": 20,
  "version": "2.1-LSTM-32feat",
  "feature_names": [
    "rsi14",
    "rsi7",
    "rsi21",
    "e8d",
    "e21d",
    "e50d",
    "e200d",
    "ebull",
    "ebear",
    "mhist",
    "msig",
    "mcup",
    "mcdn",
    "bbpos",
    "bbwid",
    "bbsqz",
    "aratr",
    "apct",
    "aup",
    "brat",
    "bull2",
    "pinb",
    "pins",
    "engulf",
    "m5",
    "m20",
    "m60",
    "roc",
    "demand",
    "supply",
    "sk",
    "sd"
  ]
}