{
  "mean": [
    0.5103975192030208,
    0.5103642871424104,
    0.5102146545334474,
    2.6732168830056202e-05,
    7.460032352521477e-05,
    0.00018461967568940505,
    0.000760182674873922,
    0.3090130981714434,
    0.22406951108805603,
    0.00016429736225582784,
    0.4959668006743613,
    0.038905459732849174,
    0.03885358578653871,
    0.5130705314708833,
    0.0659204251364317,
    0.5214628452859551,
    0.20034606259600277,
    0.05399537290123083,
    0.4727791466735832,
    0.47974561794203596,
    0.4969005317079497,
    0.08292050317727921,
    0.0756322137206588,
    0.10239917001685903,
    0.0007359680737240292,
    0.0014327097977687722,
    0.002823535721914668,
    0.0014590946918899264,
    0.17601919305240477,
    0.16062885015029463,
    0.5268522131057437,
    0.5268112964820506
  ],
  "scale": [
    0.1717543157780102,
    0.2333488129469956,
    0.1434116591154345,
    0.0032821964519040387,
    0.005771653008416315,
    0.009024428367260284,
    0.017892324562637257,
    0.4620865755785698,
    0.41696806267244924,
    0.9035321845652761,
    0.4999837330385857,
    0.19336965877775356,
    0.1932459175715409,
    0.3052426400924591,
    0.07361793233095998,
    0.4995391338746456,
    0.046726331900146315,
    0.04982235587210136,
    0.49925847528527917,
    0.2759986133515817,
    0.49999039320401606,
    0.27576202300191016,
    0.26440874034035144,
    0.3031725251349756,
    0.059121599421067254,
    0.05886866822186418,
    0.06565353847285557,
    0.08338324785791809,
    0.19358840161006025,
    0.1911890709504971,
    0.2996184898502183,
    0.2785668134653877
  ],
  "n_features": 32,
  "sequence_len": 20,
  "version": "2.1-LSTM-32feat",
  "feature_names": [
    "rsi14",
    "rsi7",
    "rsi21",
    "e8d",
    "e21d",
    "e50d",
    "e200d",
    "ebull",
    "ebear",
    "mhist",
    "msig",
    "mcup",
    "mcdn",
    "bbpos",
    "bbwid",
    "bbsqz",
    "aratr",
    "apct",
    "aup",
    "brat",
    "bull2",
    "pinb",
    "pins",
    "engulf",
    "m5",
    "m20",
    "m60",
    "roc",
    "demand",
    "supply",
    "sk",
    "sd"
  ]
}