{
  "mean": [
    0.5309858456104862,
    0.5303618590341821,
    0.5296065301976266,
    -7.429447488544086e-05,
    0.0392436674991081,
    0.0001946000323679626,
    0.0005567763012395634,
    0.0013641018456091883,
    0.005661091361074616,
    0.3961826614341777,
    0.16277202996789156,
    0.021851587584730645,
    0.02194077773813771,
    0.0003368116185632772,
    0.5067784516589369,
    0.037995005351409206,
    -0.0014072652412478578,
    0.5437278516371322,
    0.05708610458933136,
    0.2142347484837674,
    0.08139779930917697,
    0.3346361241652589,
    0.4704780592222619,
    0.4293574742559126,
    0.5226542989653942,
    0.16196931858722796,
    0.09373885123082412,
    0.12468783446307527,
    0.11523367820192651,
    0.13940420977524082,
    0.09703888690688547,
    0.0016636917601752807,
    0.0027811553368108873,
    0.005588616945735772,
    0.011404820074339605,
    0.5765315255837841,
    0.57659512305394,
    0.29700321084552267,
    0.12959329290046379,
    0.20925321434759714,
    0.09017124509454157,
    0.30000001192092896,
    0.30000001192092896,
    0.30000001192092896,
    0.15000000596046448,
    0.47512843320096365,
    0.0,
    0.0,
    0.5823929905891418,
    0.12896896182661435,
    0.028808419550481627,
    1.0,
    0.0
  ],
  "scale": [
    0.23867139125813971,
    0.17776324831608384,
    0.14991763643998918,
    0.11991293828923966,
    0.5112655932147632,
    0.003625481763455822,
    0.006460711930991827,
    0.010156251389480758,
    0.019013902090698757,
    0.4891032204076246,
    0.36915754933093725,
    0.14619882251494878,
    0.1464902044861135,
    1.0009349796316178,
    0.4999540504817491,
    0.1911841649294093,
    2.571741105205489,
    0.30411323636011234,
    0.04519811443014757,
    0.4102904105945742,
    0.052768610060258035,
    0.08175017106859074,
    0.499127694095124,
    0.257554415531009,
    0.49948651907572705,
    0.3684226627443228,
    0.29146505622587,
    0.3303646143278423,
    0.31930373879737356,
    0.3463678334836846,
    0.2960107115203066,
    0.050271433419483515,
    0.06508365903506164,
    0.09218346801657844,
    0.13151568271627678,
    0.2836591836142587,
    0.26499184446767987,
    0.456937964709623,
    0.33585543219617336,
    0.18886884448021798,
    0.2864269394673652,
    1.0,
    1.0,
    1.0,
    1.0,
    0.22631900505045943,
    1.0,
    1.0,
    1.0,
    0.33516558402076374,
    0.16726773303146383,
    1.0,
    1.0
  ],
  "features": [
    "rsi7",
    "rsi14",
    "rsi21",
    "rsi_slope",
    "rsi_div",
    "e8d",
    "e21d",
    "e50d",
    "e200d",
    "ebull",
    "ebear",
    "ema_cup",
    "ema_cdn",
    "macd_hist",
    "macd_sig",
    "macd_cross",
    "macd_slope",
    "bb_pos",
    "bb_wid",
    "bb_sqz",
    "atr_pct",
    "atr_rat",
    "atr_up",
    "body_r",
    "bull_c",
    "pin_bull",
    "pin_bear",
    "engulf_b",
    "engulf_s",
    "3bull",
    "3bear",
    "mom3",
    "mom5",
    "mom10",
    "mom20",
    "stoch_k",
    "stoch_d",
    "stoch_ob",
    "stoch_os",
    "vol_ma",
    "vol_spike",
    "sess_asia",
    "sess_london",
    "sess_ny",
    "sess_overlap",
    "fear_greed",
    "news_sent",
    "news_mom",
    "btc_dom",
    "extreme_fear",
    "extreme_greed",
    "is_gold",
    "is_crypto"
  ],
  "lookback": 48,
  "accuracy": 36.8,
  "version": "14.0"
}