{
  "mean": [
    0.5114392716994837,
    0.5127149081428696,
    0.5105084918923284,
    -1.0176958993377333e-05,
    -3.47347144979582e-05,
    -8.093464391029014e-05,
    -0.0002678927284043994,
    0.30334040067500323,
    0.23668383021072217,
    -0.0002381732574892752,
    0.5,
    0.03742806455800268,
    0.0373847951192073,
    0.5167150224176655,
    0.1620025393633432,
    0.20124752258705503,
    0.1290456411398889,
    0.47087966769071005,
    0.49034661823863673,
    0.510795724979447,
    0.0935917961144044,
    0.07286573493141794,
    0.12074336895850461,
    -3.5266839548774465e-05,
    0.0004072509525364842,
    0.5319853016392955,
    0.5319469573264557
  ],
  "scale": [
    0.17178671257435793,
    0.2309003009307954,
    0.14488713787036406,
    0.007076350913797197,
    0.012529409420347441,
    0.01979379798207824,
    0.03989863289757761,
    0.4597009919429495,
    0.4250465794798309,
    1.9594376058689764,
    0.5,
    0.18980833633285094,
    0.18970285241161294,
    0.30306282584060684,
    0.13380028449725945,
    0.0572530666797354,
    0.07674655885600867,
    0.4991512859306249,
    0.2759121067234304,
    0.49988343873563973,
    0.29125997290133115,
    0.2599159856652189,
    0.32582880138357173,
    0.12559120846264932,
    0.2463014787781631,
    0.29181473175508726,
    0.2707039455303028
  ],
  "features": [
    "rsi14",
    "rsi7",
    "rsi21",
    "e8d",
    "e21d",
    "e50d",
    "e200d",
    "ebull",
    "ebear",
    "macd_hist",
    "macd_sig",
    "macd_cup",
    "macd_cdn",
    "bb_pos",
    "bb_wid",
    "atr_rat",
    "atr_pct",
    "atr_up",
    "body_r",
    "bull",
    "pin_b",
    "pin_s",
    "engulf",
    "mom5",
    "mom20",
    "stoch_k",
    "stoch_d"
  ],
  "lookback": 60,
  "accuracy": 34.9,
  "pairs": [
    "XAUUSD",
    "BTCUSD",
    "ETHUSD"
  ],
  "version": "13.4"
}