{
  "mean": [
    0.507016776903948,
    0.5058982771700031,
    0.5053491648730584,
    3.3337176568830875e-05,
    0.008953488372093024,
    2.026399834422197e-06,
    8.223965062258188e-06,
    3.4105032572188856e-05,
    0.0002200560917798827,
    0.29424418604651165,
    0.2518604651162791,
    0.023488372093023256,
    0.023488372093023256,
    -0.0013720120827032545,
    0.4938953488372093,
    0.037209302325581395,
    0.017912179872902587,
    0.508628071241713,
    0.10077300682420258,
    0.24401162790697675,
    0.11764087475749642,
    0.3364604008249765,
    0.47517441860465115,
    0.5132034860562432,
    0.5061627906976744,
    0.1091860465116279,
    0.10011627906976744,
    0.12767441860465117,
    0.12302325581395349,
    0.115,
    0.10726744186046512,
    1.8021756677256256e-05,
    3.840393836103325e-05,
    0.00013608864545942465,
    0.0005888693738021164,
    0.5183535880914708,
    0.5183657370754152,
    0.22936046511627908,
    0.18965116279069769,
    0.19104182640038142,
    0.14936046511627907,
    0.30000001192092896,
    0.30000001192092896,
    0.30000001192092896,
    0.15000000596046448,
    0.4738831399346507,
    0.0,
    0.0,
    0.5823929905891418,
    0.12697674418604651,
    0.027906976744186046,
    0.0,
    1.0
  ],
  "scale": [
    0.22613575793651347,
    0.16672075601463027,
    0.1398056438997004,
    0.11826758668289769,
    0.5093669784810368,
    0.006175352587984694,
    0.010769134111564913,
    0.01676833506077424,
    0.033430244501300554,
    0.4557022547940019,
    0.4340815260152068,
    0.1514485670762287,
    0.1514485670762287,
    1.7049246356370331,
    0.4999627318452652,
    0.18927432511047257,
    92.84809892199468,
    0.3022347242900915,
    0.072641725269688,
    0.42949965466012185,
    0.059649438682502366,
    0.1048106383303825,
    0.499383310202076,
    0.27932277862754457,
    0.4999620185682274,
    0.3118724959960216,
    0.3001549761956179,
    0.33372692645127616,
    0.3284639011259655,
    0.31902194281898544,
    0.30945296537143874,
    0.08645863159975019,
    0.11174925065953568,
    0.1573046892209086,
    0.21945169432035946,
    0.29522130850918377,
    0.2728327677104317,
    0.42042150534662615,
    0.39202499823714554,
    0.2981439678095845,
    0.3564434268948269,
    1.0,
    1.0,
    1.0,
    1.0,
    0.22767310693986303,
    1.0,
    1.0,
    1.0,
    0.3329469186251133,
    0.16470633683372812,
    1.0,
    1.0
  ],
  "features": [
    "rsi7",
    "rsi14",
    "rsi21",
    "rsi_slope",
    "rsi_div",
    "e8d",
    "e21d",
    "e50d",
    "e200d",
    "ebull",
    "ebear",
    "ema_cup",
    "ema_cdn",
    "macd_hist",
    "macd_sig",
    "macd_cross",
    "macd_slope",
    "bb_pos",
    "bb_wid",
    "bb_sqz",
    "atr_pct",
    "atr_rat",
    "atr_up",
    "body_r",
    "bull_c",
    "pin_bull",
    "pin_bear",
    "engulf_b",
    "engulf_s",
    "3bull",
    "3bear",
    "mom3",
    "mom5",
    "mom10",
    "mom20",
    "stoch_k",
    "stoch_d",
    "stoch_ob",
    "stoch_os",
    "vol_ma",
    "vol_spike",
    "sess_asia",
    "sess_london",
    "sess_ny",
    "sess_overlap",
    "fear_greed",
    "news_sent",
    "news_mom",
    "btc_dom",
    "extreme_fear",
    "extreme_greed",
    "is_gold",
    "is_crypto"
  ],
  "lookback": 48,
  "accuracy": 36.4,
  "version": "14.0"
}