{
  "mean": [
    0.5310588723399212,
    0.5304251287465739,
    0.5297312146724995,
    -5.853951895098081e-05,
    0.038807298620382735,
    0.00019523926603867578,
    0.0005549664838551465,
    0.0013565864075672875,
    0.005648453320538215,
    0.3973297730307076,
    0.16226079216733422,
    0.021717846016911437,
    0.021717846016911437,
    0.0010311141215637771,
    0.5068980863373387,
    0.03827325322652426,
    -0.00042888895026615373,
    0.03124165554072096,
    0.5437197571529083,
    0.05746803265471139,
    0.2144192256341789,
    0.11927013796172675,
    0.09532658207629408,
    0.3347634856757,
    0.4655985758789497,
    0.4092429579228049,
    0.5232754784156654,
    0.2161993769470405,
    0.08598130841121496,
    0.12434356920338228,
    0.11535380507343124,
    0.1400089007565643,
    0.09764129951045838,
    0.0016763456291026399,
    0.0027931272397588723,
    0.005575424907143067,
    0.011239969198014127,
    0.5975606009087208,
    0.5975865431011393,
    0.3200712060525145,
    0.1159768580329328,
    0.2093545263306543,
    0.08998664886515353,
    0.30538495772140634,
    0.30000001192092896,
    0.30000001192092896,
    0.30000001192092896,
    0.15000000596046448,
    0.47455629666526955,
    0.0,
    0.0,
    0.5816522240638733,
    0.13093012906097018,
    0.02874944370271473,
    -0.0027931272397588723,
    0.0,
    1.0,
    0.0
  ],
  "scale": [
    0.2385882399869135,
    0.1778570708198057,
    0.15010904250258741,
    0.11974132965615404,
    0.5114688236977225,
    0.0036228716096764805,
    0.006556625082513642,
    0.010398502260799351,
    0.01918505554228161,
    0.4893453019025256,
    0.3686898798347514,
    0.1457606983425133,
    0.1457606983425133,
    1.0025559770899914,
    0.4999524141404687,
    0.19185518318247913,
    2.522307615402604,
    0.500292231370315,
    0.3040388998307187,
    0.04519042959048274,
    0.41041883644956884,
    0.32410611248835997,
    0.06874184726265699,
    0.08535097991873826,
    0.4988151381207708,
    0.26141070961129703,
    0.4994579582953123,
    0.41165180232175835,
    0.2803364461055866,
    0.3299730989052683,
    0.31944843829405717,
    0.34699626578034354,
    0.2968290352043872,
    0.049924174500679444,
    0.06470938156492509,
    0.09254511293872897,
    0.1349184285856999,
    0.28017706422984306,
    0.26273771288280806,
    0.46650362175293275,
    0.32019716806015286,
    0.18870935170715192,
    0.28616263189167995,
    0.4605702827136171,
    1.0,
    1.0,
    1.0,
    1.0,
    0.2265960770855643,
    1.0,
    1.0,
    1.0,
    0.3373239249816827,
    0.16710150564701434,
    0.06470938156492509,
    1.0,
    1.0,
    1.0
  ],
  "features": [
    "rsi7",
    "rsi14",
    "rsi21",
    "rsi_slope",
    "rsi_div",
    "e8d",
    "e21d",
    "e50d",
    "e200d",
    "ebull",
    "ebear",
    "ema_cross_up",
    "ema_cross_dn",
    "macd_hist",
    "macd_sig",
    "macd_cross",
    "macd_slope",
    "macd_div",
    "bb_pos",
    "bb_wid",
    "bb_squeeze",
    "bb_breakout",
    "atr_pct",
    "atr_rat",
    "atr_up",
    "body_r",
    "bull",
    "pin_b",
    "pin_s",
    "engulf_b",
    "engulf_s",
    "three_bull",
    "three_bear",
    "mom3",
    "mom5",
    "mom10",
    "mom20",
    "stoch_k",
    "stoch_d",
    "stoch_ob",
    "stoch_os",
    "vol_ma",
    "vol_spike",
    "vol_dry",
    "sess_asia",
    "sess_london",
    "sess_ny",
    "sess_overlap",
    "fear_greed",
    "news_sentiment",
    "news_momentum",
    "btc_dom",
    "extreme_fear",
    "extreme_greed",
    "sent_price_div",
    "gold_news_sent",
    "is_gold",
    "is_crypto"
  ],
  "lookback": 60,
  "accuracy": 38.6,
  "f1": 0.383,
  "pairs": [
    "XAUUSD",
    "BTCUSD",
    "ETHUSD"
  ],
  "version": "14.0",
  "model": "DLSTM+Sentiment"
}