{
  "mean": [
    0.5065937610971732,
    0.5046161086217941,
    0.5032159862193392,
    4.4074556644895276e-05,
    0.00505902192242833,
    -0.00014803904373598335,
    -0.0004286088029746772,
    -0.0010456697536880015,
    -0.004200550448184863,
    0.2570215735302669,
    0.26684886898877713,
    0.02413211606675583,
    0.02407396638948654,
    -0.000606520935621311,
    0.5004361225795196,
    0.03698319474326917,
    0.001126520207458433,
    0.5065590165420842,
    0.14918362129652513,
    0.23713438390416933,
    0.1714377075534678,
    0.33544781866039364,
    0.46775600395417805,
    0.5064997127888992,
    0.5082281793336046,
    0.11379891841600279,
    0.09955224748502646,
    0.12461475838809094,
    0.12298656742455079,
    0.11874164098389255,
    0.10641390940280282,
    -0.0011243931591837378,
    -0.0018266602172251477,
    -0.0035045120597906963,
    -0.006120067884403399,
    0.5173600139077004,
    0.5173781854503853,
    0.22445775425946385,
    0.18241553759376636,
    0.19153062407861746,
    0.15217770541373496,
    0.30000001192092896,
    0.30000001192092896,
    0.30000001192092896,
    0.15000000596046448,
    0.4738750948963896,
    0.0,
    0.0,
    0.5823929905891418,
    0.12699889515613189,
    0.027911845089259753,
    0.0,
    1.0
  ],
  "scale": [
    0.2302494950383327,
    0.1720101404799491,
    0.14544240433655736,
    0.11817182183950457,
    0.502974802645097,
    0.009270990865880588,
    0.01649610037446042,
    0.026194544610353632,
    0.05346787820070298,
    0.43699140068231607,
    0.44231272885616524,
    0.15345930092665108,
    0.1532788652481627,
    2.5741357065422643,
    0.4999998097970594,
    0.18872052895710792,
    4.73669813594772,
    0.3021473954478272,
    0.11131902761016808,
    0.4253253670715625,
    0.08298042018360541,
    0.0948641305994432,
    0.49895924154082666,
    0.27809483434398286,
    0.4999322924805458,
    0.3175668820632132,
    0.2994020666356639,
    0.33028157741534514,
    0.3284217892553373,
    0.32348425569159456,
    0.30836664749679865,
    0.12592178735471346,
    0.16295451303210587,
    0.23034868722851792,
    0.31776314257421784,
    0.29069292106450306,
    0.2691536440034363,
    0.4172247245936679,
    0.38618662488250877,
    0.294476345447307,
    0.35919305587489503,
    1.0,
    1.0,
    1.0,
    1.0,
    0.2276921498874111,
    1.0,
    1.0,
    1.0,
    0.3329717342136622,
    0.16472029016782638,
    1.0,
    1.0
  ],
  "features": [
    "rsi7",
    "rsi14",
    "rsi21",
    "rsi_slope",
    "rsi_div",
    "e8d",
    "e21d",
    "e50d",
    "e200d",
    "ebull",
    "ebear",
    "ema_cup",
    "ema_cdn",
    "macd_hist",
    "macd_sig",
    "macd_cross",
    "macd_slope",
    "bb_pos",
    "bb_wid",
    "bb_sqz",
    "atr_pct",
    "atr_rat",
    "atr_up",
    "body_r",
    "bull_c",
    "pin_bull",
    "pin_bear",
    "engulf_b",
    "engulf_s",
    "3bull",
    "3bear",
    "mom3",
    "mom5",
    "mom10",
    "mom20",
    "stoch_k",
    "stoch_d",
    "stoch_ob",
    "stoch_os",
    "vol_ma",
    "vol_spike",
    "sess_asia",
    "sess_london",
    "sess_ny",
    "sess_overlap",
    "fear_greed",
    "news_sent",
    "news_mom",
    "btc_dom",
    "extreme_fear",
    "extreme_greed",
    "is_gold",
    "is_crypto"
  ],
  "lookback": 48,
  "accuracy": 36.0,
  "version": "14.0"
}