{
  "mean": [
    0.5094208449696783,
    0.5107365916424615,
    0.5093398857716573,
    -5.503944622999397e-05,
    -0.00013709439062389248,
    -0.00041544615295843794,
    -0.0020237177810374964,
    0.30668893661019647,
    0.23415254911317904,
    0.010507659876060758,
    0.5002386065378192,
    -0.03979331251856741,
    0.5177939791996979,
    0.14323728958889478,
    0.19588178229156536,
    0.33425554568807975,
    0.44062673983933826,
    0.4849705558255148,
    0.5108168297144675,
    0.13457408732999285,
    0.09649646066968902,
    0.12435377396007317,
    0.000935112589141718,
    0.0021667845568768625,
    0.5410646618941254,
    0.541078446613821
  ],
  "scale": [
    0.1488846769071019,
    0.21750472120859413,
    0.11508350277907378,
    0.012057761551555406,
    0.020785441677137615,
    0.033900118122459265,
    0.0729735700465928,
    0.4611191090934135,
    0.42346798327261914,
    3.0541468447877063,
    0.4999999430669168,
    52.094146570132,
    0.28022389101713563,
    0.15395167160127912,
    0.16839036211815053,
    0.10561299046736189,
    0.4964623006612833,
    0.2784015244353005,
    0.49988298250183333,
    0.341268079886315,
    0.29527088198451296,
    0.3299847161035798,
    0.18309978347772848,
    0.2872663496792403,
    0.26930454649210067,
    0.24262999022524506
  ],
  "features": [
    "rsi14",
    "rsi7",
    "rsi21",
    "e8d",
    "e21d",
    "e50d",
    "e200d",
    "ebull",
    "ebear",
    "macd_hist",
    "macd_sig",
    "macd_slope",
    "bb_pos",
    "bb_wid",
    "atr_pct",
    "atr_rat",
    "atr_up",
    "body_r",
    "bull",
    "pin_b",
    "pin_s",
    "engulf",
    "mom5",
    "mom20",
    "stoch_k",
    "stoch_d"
  ],
  "lookback": 60,
  "accuracy": 38.5,
  "pairs": [
    "XAUUSD",
    "BTCUSD",
    "ETHUSD"
  ],
  "version": "13.8"
}