{
  "mean": [
    0.5094208861852022,
    0.5107366861681844,
    0.5093398811275629,
    -5.503943837823282e-05,
    -0.00013709496239159292,
    -0.00041544706171182884,
    -0.0020237189745607458,
    0.30668893661019647,
    0.23415254911317904,
    0.010507456870405897,
    0.5002386065378192,
    -0.03974985470711427,
    0.517794127234136,
    0.14323727436395955,
    0.19588177358648073,
    0.3342555269813329,
    0.44062673983933826,
    0.48497057456816867,
    0.5108168297144675,
    0.13457408732999285,
    0.09651634454784061,
    0.12435377396007317,
    0.0009351016935638809,
    0.0021667720685396475,
    0.5410646854345942,
    0.5410784059399205
  ],
  "scale": [
    0.1488846355464491,
    0.21750484104241333,
    0.11508351196569397,
    0.012057762359382293,
    0.020785443541432937,
    0.03390011999031298,
    0.07297357202931186,
    0.4611191090934135,
    0.42346798327261914,
    3.054146922046914,
    0.4999999430669168,
    52.094197019722415,
    0.2802239060278806,
    0.15395168407081927,
    0.16839036622607287,
    0.10561298263661337,
    0.4964623006612833,
    0.2784018985375904,
    0.49988298250183333,
    0.341268079886315,
    0.29529805245372537,
    0.3299847161035798,
    0.18309976559381325,
    0.28726639592301917,
    0.2693045340685259,
    0.24262993531964178
  ],
  "features": [
    "rsi14",
    "rsi7",
    "rsi21",
    "e8d",
    "e21d",
    "e50d",
    "e200d",
    "ebull",
    "ebear",
    "macd_hist",
    "macd_sig",
    "macd_slope",
    "bb_pos",
    "bb_wid",
    "atr_pct",
    "atr_rat",
    "atr_up",
    "body_r",
    "bull",
    "pin_b",
    "pin_s",
    "engulf",
    "mom5",
    "mom20",
    "stoch_k",
    "stoch_d"
  ],
  "lookback": 60,
  "accuracy": 39.0,
  "pairs": [
    "XAUUSD",
    "BTCUSD",
    "ETHUSD"
  ],
  "version": "13.8"
}