{
  "mean": [
    0.5126916357648306,
    0.5113377534408233,
    0.5103866145236509,
    1.216725033852967e-06,
    0.014497831895230169,
    -8.39028543188189e-06,
    -2.353212080143012e-05,
    -4.484017161613097e-05,
    -8.443106839536125e-05,
    0.30646927423240333,
    0.2344838158643949,
    0.023542551793613947,
    0.02356445184179405,
    -0.0013500075957618724,
    0.4996495992291183,
    0.03751478253252157,
    0.0019692302293835865,
    0.015833734834216635,
    0.5165547088550579,
    0.10806065744691519,
    0.2337392142262713,
    0.11845736060619333,
    0.14649216898616516,
    0.3355892371113962,
    0.47192413823310414,
    0.4392955158261014,
    0.5088257194165827,
    0.13273619201962245,
    0.10282072620559765,
    0.12721737987823573,
    0.12064736542420393,
    0.11953046296701852,
    0.10356532784372126,
    -2.1320546328193784e-05,
    -1.5509330930523012e-05,
    8.113529074453853e-05,
    0.0006908707657723933,
    0.5340342588053754,
    0.534033277437463,
    0.22771670097674215,
    0.15365073803162366,
    0.2072634688054915,
    0.06326923919232623,
    0.2337611142744514,
    0.30000001192092896,
    0.30000001192092896,
    0.30000001192092896,
    0.15000000596046448,
    0.4742578075220749,
    0.0,
    0.0,
    0.5811442136764526,
    0.12732688011913626,
    0.02809776181507599,
    1.5509330930523012e-05,
    0.0,
    0.24528053961718715,
    0.7547194603828128
  ],
  "scale": [
    0.23015006399338017,
    0.17108235155753632,
    0.14415229643609245,
    0.11841928930828916,
    0.5093923676205157,
    0.007065050839910261,
    0.012495702755979436,
    0.019736291973243374,
    0.03999314381431042,
    0.46102696036551627,
    0.4236757674945163,
    0.15161893037697818,
    0.15168773335767732,
    1.955272925738404,
    0.49999987721928457,
    0.19001953484854964,
    56.97179545307665,
    0.5079101898296877,
    0.30270443494189586,
    0.09181863321140149,
    0.4232082158455298,
    0.3231489042599519,
    0.08985289569454939,
    0.09402910060718384,
    0.4992111236601667,
    0.2554158729462521,
    0.49992210060846454,
    0.3392893976353407,
    0.30372458653877726,
    0.33321632333238477,
    0.3257170223374924,
    0.3244116696265854,
    0.30469583310630255,
    0.0969668324111781,
    0.125311729848039,
    0.17689175848739724,
    0.24536893666589563,
    0.2779631658296618,
    0.257850821396304,
    0.41935880230777456,
    0.3606136280480274,
    0.1634478874487642,
    0.24344659078399608,
    0.42322199343561795,
    1.0,
    1.0,
    1.0,
    1.0,
    0.2272306055986997,
    1.0,
    1.0,
    1.0,
    0.3333387851994774,
    0.16525216366528836,
    0.125311729848039,
    1.0,
    0.43025340963470426,
    0.43025340963470426
  ],
  "features": [
    "rsi7",
    "rsi14",
    "rsi21",
    "rsi_slope",
    "rsi_div",
    "e8d",
    "e21d",
    "e50d",
    "e200d",
    "ebull",
    "ebear",
    "ema_cross_up",
    "ema_cross_dn",
    "macd_hist",
    "macd_sig",
    "macd_cross",
    "macd_slope",
    "macd_div",
    "bb_pos",
    "bb_wid",
    "bb_squeeze",
    "bb_breakout",
    "atr_pct",
    "atr_rat",
    "atr_up",
    "body_r",
    "bull",
    "pin_b",
    "pin_s",
    "engulf_b",
    "engulf_s",
    "three_bull",
    "three_bear",
    "mom3",
    "mom5",
    "mom10",
    "mom20",
    "stoch_k",
    "stoch_d",
    "stoch_ob",
    "stoch_os",
    "vol_ma",
    "vol_spike",
    "vol_dry",
    "sess_asia",
    "sess_london",
    "sess_ny",
    "sess_overlap",
    "fear_greed",
    "news_sentiment",
    "news_momentum",
    "btc_dom",
    "extreme_fear",
    "extreme_greed",
    "sent_price_div",
    "gold_news_sent",
    "is_gold",
    "is_crypto"
  ],
  "lookback": 60,
  "accuracy": 36.8,
  "f1": 0.349,
  "pairs": [
    "XAUUSD",
    "BTCUSD",
    "ETHUSD"
  ],
  "version": "14.0",
  "model": "DLSTM+Sentiment"
}